Threads,Tempo
1,1.32543
2,0.931639
3,0.750201
4,0.515692
5,0.453037
6,0.377456
7,0.374343
8,0.261336
9,0.265938
10,0.292442
