Threads,Tempo
1,1.49356
2,0.753038
3,0.52684
4,0.38527
5,0.313907
6,0.274819
7,0.2561
8,0.231761
9,0.210444
10,0.196597
